timestamp,coinmarketcap-20-index-dtf,cf-large-cap-index,open-stablecoin-index,bloomberg-galaxy-crypto-index,alpha-base-index,clanker-index,marketvector-token-terminal-fundamental-index,coindesk-defi-select-index,defi-growth-index,rwa-index,virtuals-index
2025-02-26,,,,2.3540421119306374,,,,,,,
2025-02-27,,,,2.3540421119306374,,,0.034447811444909854,1.5928503171102952,,,
2025-02-28,,,,2.369110656620492,,,0.034447811444909854,1.592522593182768,,,
2025-03-01,,,,2.3735502110725726,0.000833233086427377,1.5071887482450603,0.03410902409960241,1.531560921231555,0.9893102518188954,0.9951349781088815,0.7032543347019096
2025-03-02,,,,2.355978885087652,0.0008338142782427966,1.5071887482450603,0.03387311214278186,1.516764463982447,0.9874074412441581,0.9932209644249486,0.7037707001444395
2025-03-03,,,,2.650515644466989,0.0009406383871862729,1.7544128238223746,0.038002110139670676,1.7076031274891823,1.0996148154055625,1.0762123145371219,0.873786882894562
2025-03-04,,,,2.3271069964117377,0.0007696724088565366,1.4632649667874396,0.03365056292058072,1.4449497483816585,0.9258754735590976,0.8989231198639925,0.6814916873539936
2025-03-05,,,,2.3377570799645717,0.0007433518892670149,1.4521992128370662,0.03413538533583439,1.4685099203119873,0.9110319584559493,0.9017076958342831,0.6547361960241728
2025-03-06,,,,2.4239126667963276,0.0007604516553829319,1.4750907926235906,0.03512302264418165,1.549661266050766,0.9376291592379117,0.9404799599306537,0.642630197060216
2025-03-07,,,,2.400175205893263,0.0007088369713424796,1.3875984697845674,0.03468470959981816,1.483905655403169,0.8992826420408395,0.9114096589918594,0.5988518127752501
2025-03-08,,,,2.306807430689348,0.0006678892209041122,1.4141972399583507,0.033871622521385716,1.4457999639493184,0.8714108819806106,0.9016765833860373,0.5467347234549484
2025-03-09,,,,2.2972366383097143,0.0006316284034274862,1.408488144326453,0.033806207635136656,1.4383661096264646,0.8985635418813744,0.9151850574464796,0.48933032154631684
2025-03-10,,,,2.138305026629953,0.0005806541339121241,1.3575349459712525,0.0314423569718286,1.303718310300564,0.7724141300064321,0.8426966515222142,0.4375751865619533
2025-03-11,,,,2.033736035748406,0.0005288289421771588,1.4950682421510395,0.030515443765032426,1.2399831250554483,0.7190572880828697,0.7817050676987183,0.41251001663281356
2025-03-12,,,,2.1192842266399317,0.0005399325979888102,1.7831559676121103,0.030682666623572694,1.2569361268267547,0.7443679624214329,0.7916736733773576,0.40891240633044423
2025-03-13,,,,2.126890716982644,0.0005608289248771158,1.7563148600588214,0.0309048478235887,1.2466234081602112,0.7789690739458676,0.7877365459095723,0.4219742918886786
2025-03-14,,,,2.0582494892941536,0.0005291075342095348,1.666175048603314,0.030172175418956965,1.2063441941935569,0.7706472264427363,0.7563902355144673,0.4325900418574688
2025-03-15,,,,2.148366000884685,0.0006223357837787858,1.6107672772095711,0.031002649758108337,1.24282940187921,0.8027245244027669,0.7945105499226852,0.49518448182889546
2025-03-16,,,,2.1634011216120084,0.0006574049901566436,1.505985353303871,0.03155753818296168,1.2726160173237202,0.811324154155176,0.8120613974465046,0.5198110321652362
2025-03-17,,,,2.0966343592036134,0.0006258977640957693,1.4300272797012126,0.030369914456276802,1.247147826845471,0.7741172188682811,0.7895146582063134,0.5118430158697214
2025-03-18,,,,2.1325981693270846,0.0006652633761307938,1.5106399889708095,0.031305912455765646,1.2838870264182318,0.7894128722289163,0.829503858819731,0.5356654176897772
2025-03-19,,,,2.130938660517693,0.0006292971786882243,1.3596637031744239,0.032063918852565716,1.2719790033461487,0.778462552582004,0.8122205854205146,0.4579856945357347
2025-03-20,,,,2.2588981918310806,0.0007131109532301534,1.6377594976175196,0.032803894522265016,1.4144281344000087,0.778462552582004,0.8820111400424707,0.520057703798618
2025-03-21,,,,2.1727205296926875,0.0007514509112749872,1.5479141530863163,0.03221567276227135,1.3551990783629375,0.778462552582004,0.8519425219863318,0.507810102977333
2025-03-22,,,,2.1499315461251287,0.0008224335421235734,1.5154774805166835,0.032035883443506365,1.34380722655077,0.778462552582004,0.8305959317813705,0.5220676578973709
2025-03-23,,,,2.1735406308487466,0.0008079744401039688,1.5535243073618814,0.03229497316272726,1.37170693930502,0.8157911304907955,0.82077628979345,0.5162363141802331
2025-03-24,,,,2.212398415161341,0.0009132683016308871,1.573719345401927,0.032493238939848915,1.4007848224335928,0.8157911304907955,0.8298527581704538,0.5622343791559611
2025-03-25,,,,2.2739048075119057,0.0009602566302105175,1.6881220762166569,0.03305231597608885,1.4007848224335928,0.848600688706015,0.871662166477376,0.638197108410007
2025-03-26,,,,2.2945965231853407,0.0010089352141811792,1.6332462026793293,0.0336113490079769,1.3956025614954517,0.8507106150502114,0.896361382497983,0.6641772035694777
2025-03-27,,,,2.262374058259256,0.0009767877123188675,1.552813860238613,0.03283644719890542,1.3956025614954517,0.831843575546396,0.9024231506255674,0.6214879199150518
2025-03-28,,,,2.2410809111988335,0.0008785561421620195,1.6119489495528194,0.03288632078739685,1.420606416617784,0.870109427260645,0.9351719499281156,0.6079551768851347
2025-03-29,,,,2.147781562922901,0.0008058038553258718,1.3420706936413438,0.03191480896954677,1.3268939824374286,0.8080867619907478,0.8818922603625047,0.5359950866713057
2025-03-30,,,,2.067506377525345,0.0007214766235743352,1.3198568604348497,0.03100380326408848,1.2692179769981358,0.7496781107423773,0.8319437336985785,0.48990914873140234
2025-03-31,,,,2.06149081459154,0.0006927501423021341,1.359719548655928,0.030532884353282712,1.2527899191205134,0.7298047502413146,0.8143924801663728,0.4936408296453537
2025-04-01,,,,2.0590426413412763,0.0007108449777987606,1.2741768239902729,0.03097659395308844,1.2561499720577063,0.7219356560847727,0.8215761901791344,0.45574986014571445
2025-04-02,,,,2.1277107042029604,0.0007126991549514031,1.3314036326995147,0.03136462770836028,1.3173457619141709,0.7476209020356664,0.859301055816828,0.45101381060084655
2025-04-03,,,,2.0391540372750554,0.0006060892620182643,1.0844058717273297,0.029905190941704664,1.2253284587836486,0.6846427194228157,0.8132054486922172,0.3708112239602769
2025-04-04,,,,2.0562539577733507,0.0006333815242936532,1.0749585149314258,0.03036108426788257,1.2347905504735086,0.6762714371688083,0.8077047371915814,0.3740264209154112
2025-04-05,,,,2.0715270406425663,0.0006689138764262541,1.087326006992745,0.030430525650532444,1.2324700388560437,0.6721128567592022,0.8267505116976986,0.3858547987702148
2025-04-06,,,,2.0599210908622836,0.0006585663649868544,1.1100979115607286,0.03031995900206612,1.0800113047602207,0.672870128214497,0.817895957686566,0.3794253127431481
2025-04-07,,,,1.8583979467762592,0.0005613032223327652,0.8501814786840289,0.027506121925087078,1.0800113047602207,0.5643056572537182,0.7506036613779883,0.32229818263765736
2025-04-08,,,,1.8643234091700165,0.0005625586508074132,1.046990571924667,0.02764625996651077,1.0638028556926937,0.5834088063360072,0.7506036613779883,0.34057197780700493
2025-04-09,,,,1.7919026510718554,0.0005374723710283178,0.9541363092708807,0.02707740001579677,1.0282847232049492,0.5449904358223627,0.7322422948542567,0.31580754848463827
2025-04-10,,,,1.976202532963295,0.0006557473178824168,1.2325039253921737,0.02930758491974006,1.154627180033919,0.548965969037528,0.8325440213699592,0.3692893959874299
2025-04-11,,,,1.873657050899507,0.0006079310315802232,1.1335008417335637,0.028573471159517753,1.089358947766287,0.5785772166723896,0.8027379671763195,0.34480890254570196
2025-04-12,,,,1.9534095915671756,0.0006689835950597656,1.3727980703050615,0.0292503057062197,1.1476622755074934,0.6052640886155177,0.8027379671763195,0.40206821291003064
2025-04-13,,,,2.0329347663180557,0.00075324945450838,1.5040441224296845,0.030656742186790934,1.1667961499024946,0.6323148420103589,0.8217576715981073,0.47167571151217275
2025-04-14,,,,1.9729835477434614,0.0006864943514172804,1.3175418322818022,0.030072739509856766,1.1688372088818202,0.6335413538057891,0.8191423358874741,0.4057064226775758
2025-04-15,,,,2.0068948370262265,0.0007163311026542865,1.3355167023689476,0.029915551326965294,1.1741824948327113,0.6377210954093477,0.8266973606223514,0.4238384392776448
2025-04-16,,,,1.968754320848431,0.0007238661396185196,1.259527433795282,0.029403177949403343,1.1568303453733284,0.620340734939505,0.8074703753151009,0.41806272713102643
2025-04-17,,,,1.9778741728701397,0.0007391662849826585,1.1945543392672722,0.02973823585394334,1.1535792307236994,0.6297146228677055,0.8027853779354833,0.41279728911511204
2025-04-18,,,,2.006066597030475,0.0007397664433108667,1.1827438944398938,0.030234977593342316,1.1535792307236994,0.6512635199658572,0.8027420788088364,0.42016755947337797
2025-04-19,,,,2.0052229582226704,0.0007441966434865133,1.1185695279128178,0.030158496203418955,1.1535792307236994,0.6646979857430106,0.8027420788088364,0.4354960328567926
2025-04-20,,,,2.039531712906719,0.0007384849801203152,1.2178428517532698,0.030693500231735994,1.158352176608492,0.6917283239597322,0.8027420788088364,0.4455014154762711
2025-04-21,,,,2.0132167724630614,0.0007336576768502674,1.183038394942104,0.03028124467068612,1.1583516673792182,0.6803894951196715,0.8613399616735044,0.4398545376832762
2025-04-22,,,,2.031669615649145,0.0007285318344804026,1.3463999229958623,0.030631972725353344,1.1827254999602776,0.6749604037796127,0.8609705372001577,0.43477641434100855
2025-04-23,,,,2.222627902130164,0.0008357068383108161,1.6587431541464088,0.033059954776810015,1.302346049497309,0.7463903372409924,0.8869467708876179,0.5144021495561054
2025-04-24,,,,2.251380995996443,0.0007766146216812798,1.497958107205635,0.032925908065616974,1.3234715989387227,0.7729831388065095,0.899927838548719,0.5547546611899553
2025-04-25,,,,2.2526548032469744,0.0008012974751394819,1.4506675087876726,0.03321073897230426,1.308164525386174,0.76468321992206,0.9479502712495288,0.5605699946229782
2025-04-26,,,,2.288305110026988,0.0008424484583514031,1.4592586637619556,0.03339955266520713,1.3107172994763343,0.7802421213467765,0.944180900031181,0.6781968453248826
2025-04-27,,,,2.3030251960103323,0.0008426928664519977,1.421120245246151,0.033947066185262276,1.3220066431557889,0.8051573965536938,0.9534686557059572,0.8188087490851909
2025-04-28,,,,2.257040296988358,0.000784689803244899,1.3650422699932658,0.03357588301809368,1.2890159420365976,0.7985868103080065,0.9174757683008512,0.7694485442757935
2025-04-29,,,,2.2761026235466866,0.00088063028448645,1.3872462092459765,0.03352360205231581,1.2819404837930939,0.7905468430498136,0.930750452226457,0.9515627002620998
2025-04-30,,,,2.2706774633123956,0.000925167848637304,1.4039820531899725,0.03308564099806246,1.2739207577488716,0.7986294665419695,0.9154640268283367,0.9025994360931546
2025-05-01,,,,2.2642861688419105,0.000949031477041197,1.3400111854261023,0.032837428429534785,1.275237306410444,0.7949539001157339,0.8966996598816578,0.9679105220594694
2025-05-02,,,,2.3065821707320975,0.0009652221073582223,1.3850421773706267,0.03357136413698853,1.3133717365503093,0.8169880924191425,0.915120545390792,1.0746703141436462
2025-05-03,,,,2.305722952513563,0.0009604087639463097,1.368711203140301,0.03358470345089867,1.3094411392452854,0.8204292777241019,0.9213792991259497,1.0418012834337433
2025-05-04,,,1.2030814175519633,2.284871112126332,0.0009296150204681695,1.247346748671883,0.034872938920140206,1.3049579911988602,0.8128399442989673,0.9182235068770936,0.9725332115740456
2025-05-05,,,1.2030814175519633,2.2405315305119418,0.0008991307037799553,1.1267076643505016,0.03316799293616303,1.309602929348563,0.8123277209061144,0.909127893352224,0.9229625352872797
2025-05-06,,,1.1862583308403272,2.2652891267282707,0.0009924142825224473,1.114734978725955,0.03311623581599584,1.309602929348563,0.8521535055181471,0.8946802713679789,0.9708142718901037
2025-05-07,,,1.150003942944451,2.2799290665939624,0.0009465919500728391,1.0310035973985157,0.03332623829941154,1.2254132812799552,0.8521535055181471,0.855879402389295,0.8880795154758117
2025-05-08,,,1.0811215018903662,2.2854721078082525,0.0009313398115590555,1.0363676018826613,0.03307144381103214,1.2254132812799552,0.7904601432419572,0.855879402389295,0.8639249055772852
2025-05-09,,,1.282881983489661,2.5853849712431485,0.0011703596579899073,1.3326443554619298,0.03570961751892172,1.512187949241909,0.962817745281437,1.0247363483494822,1.1622752564141194
2025-05-10,,,1.493298207742914,2.6754413261404006,0.0012293289870691203,1.3077081092943872,0.03693280142528439,1.5262433471471175,0.9659288379931009,1.0248429416619707,1.1818042040742047
2025-05-11,,,1.5398947831001732,2.8191374766290074,0.001336399602603631,1.5103505538339308,0.03837757008913058,1.5262433471471175,0.9659288379931009,1.1270595435543467,1.2101621382836247
2025-05-12,,,1.3424176095352947,2.7915178035895107,0.0013385870139015724,1.5071129719631893,0.037858064645541284,1.699038623414704,1.0712714324123824,1.0833096971509255,1.1382301799207988
2025-05-13,,,1.3464650384134196,2.775521674319201,0.0013662967013770443,1.4442909581010996,0.038138616126790544,1.699038623414704,1.0712714324123824,1.0740564060580837,1.1669996300536505
2025-05-14,,,1.5740930392509023,2.8807588336511176,0.001516035008385566,1.7844372493318266,0.038737361510448674,1.740363813335179,1.0712714324123824,1.1616435543955983,1.1728966444210729
2025-05-15,,,1.5176383782885314,2.8315255073542405,0.001422596453202128,1.5751847966878973,0.03865955798457414,1.7376119465820288,1.0712714324123824,1.0616907322561102,1.1072740013171587
2025-05-16,,,1.4827812470406805,2.7654384171473354,0.001435942336194359,1.3556142413310652,0.03782875514803027,1.7376119465820288,1.1363130490981457,1.0616907322561102,0.9974311344241703
2025-05-17,,,1.4921572452601897,2.7344124923321647,0.0014379468223477512,1.3248523775446412,0.03751930993209951,1.6084385399639192,1.1363130490981457,1.0897098123535083,0.9693676984310665
2025-05-18,,,1.44530543312237,2.7085971076966553,0.0013862478021763752,1.299639589312408,0.037164962948758935,1.6084385399639192,1.1363130490981457,1.0196827131226267,0.9031334574998733
2025-05-19,,,1.4138204049562466,2.763554709656668,0.0014427612724088295,1.3106227994235857,0.03779255055648685,1.5612177313579796,1.1363130490981457,0.9679315350196773,1.0104228595349076
2025-05-20,,,1.3763065047979794,2.7713187453521835,0.001448210068063192,1.4154025847068445,0.037566595359247855,1.5612177313579796,1.1363130490981457,0.9679315350196773,1.021220462571195
2025-05-21,,,1.436843261133025,2.776384235443491,0.0014333867211259407,1.468381299973672,0.03771429015185442,1.5612177313579796,1.1363130490981457,0.9679315350196773,1.0042713598841724
2025-05-22,,,1.4516804157137164,2.8209420727256314,0.0015198362443816914,1.4282897352867814,0.03852517978931297,1.5612177313579796,1.1551710390589887,1.0677863521996753,1.0476543293727874
2025-05-23,,,1.5373588682060564,2.935841703166209,0.0017909283045240813,1.5673169300871197,0.03973393396959643,1.648192260265738,1.1551710390589887,1.0676226770067427,1.0960079253174586
2025-05-24,,,1.4543766778430802,2.790586320687285,0.0016476785851149225,1.4409429143461747,0.03812253103395697,1.648192260265738,1.107409548418228,1.0809504701844546,1.0055072739121818
2025-05-25,,,1.4422327334882554,2.793456037677107,0.0017437074736778141,1.3677033043095495,0.03821354310898893,1.6474544680553476,1.1190945477154346,1.0809504701844546,1.0289964803385363
2025-05-26,,,1.448375295421918,2.7975927547587247,0.0017352682429597165,1.3513618707030401,0.03849394221093734,1.6384403400679797,1.1190945477154346,1.050386981737072,1.0339192886959414
2025-05-27,,,1.4492782369607657,2.8120069706497004,0.0019162391374816562,1.3700682593319684,0.038551953471004125,1.6384403400679797,1.1596740257551998,1.050386981737072,1.115836886640724
2025-05-28,,,1.5091914416150256,2.8688006388446574,0.0019715125381499113,1.3811600435406972,0.03908008007540509,1.6384403400679797,1.1596740257551998,1.0467269140597948,1.2597976434437224
2025-05-29,,,1.376249156987699,2.8605971792117626,0.001948515250498054,1.3081595665238048,0.03902695594395158,1.6669236066514026,1.1161673680004767,1.0773351664120097,1.2254106599575143
2025-05-30,,,1.376249156987699,2.7842665416701697,0.0018635793617831067,1.2036645391273755,0.03837223577092689,1.6669236066514026,1.1147758055958827,0.9232622124618732,1.1562417065799409
2025-05-31,,,1.2692986743864878,2.672059459291264,0.0017538110141255188,1.0756034893046562,0.0368301512188943,1.5459298198802418,0.9590381799504027,0.8627171000349723,1.0049148192064086
2025-06-01,,,1.281798098835891,2.699900425626055,0.0019109544519884869,1.0890611689282343,0.03663395683174575,1.5280543474136483,0.9347217216842716,0.8621263039228113,1.0723271481411651
2025-06-02,,,1.2824988125617098,2.693170107358515,0.0019989393328250205,1.0656790717451545,0.0370100302366216,1.5379101081705813,0.9290021882078705,0.8747593607624679,1.083492637835829
2025-06-03,,,1.294746739043696,2.754083305668778,0.0018877781898650684,1.134327530316746,0.03722599583232306,1.5993325615707903,0.9290021882078705,0.9286427351080896,1.0511622760040455
2025-06-04,,,1.3995743223898383,2.71269263247223,0.001971659163421284,1.0981867142966282,0.03784893933410622,1.655841011987454,0.9290021882078705,0.9606191841806767,1.0591543730241446
2025-06-05,,,1.3994621066868242,2.6942397322043132,0.001895197404261089,1.0571453657291816,0.037336909596791805,1.6711150307160847,0.9290021882078705,0.9392486623372341,0.9695853452379058
2025-06-06,,,1.2865632145842965,2.5536094408484282,0.0016799776239329461,0.9755527274744996,0.03651099358610821,1.5416690058202849,0.9290021882078705,0.9251488782484194,0.8801548926738725
2025-06-07,,,1.3027363296990728,2.6266103270217447,0.0019658862866277042,1.0311532795718281,0.03658083661879117,1.5444091978454508,0.9369511204578328,0.91351007838334,0.9504383680591447
2025-06-08,,,1.3229563741950867,2.6967090630295463,0.001987546457817786,1.0567738713266115,0.03768273026292775,1.6030204188707853,0.9369511204578328,0.9064161552482589,0.9794469283279829
2025-06-09,,,1.3210523055092007,2.6684939099983205,0.0020332695117561716,1.183133454497016,0.037185794068914646,1.6030204188707853,0.9619626846306801,0.9831937631313526,0.9814870982293248
2025-06-10,,,1.4146667482225193,2.842667591459551,0.002162340218755203,1.3400007816668904,0.03936350498850046,1.717852690769294,0.9619626846306801,0.9858704285079645,1.0492355583566122
2025-06-11,,,1.4758185563090016,2.8952729809930107,0.002163326819156542,1.4463263790022178,0.04005681996229009,1.9406538839026966,1.0231206668019885,1.0682367128314034,1.1072193690597003
2025-06-12,,,1.4509814860869723,2.8289384111392843,0.002170194124077276,1.3754377128840982,0.038872117993950524,1.9762930477831795,1.0231206668019885,1.053772812289322,1.0851343635166948
2025-06-13,,,1.39023599738919,2.73409007074129,0.00206764133579952,1.3131294932198383,0.03773352155427063,1.8478499994120894,1.0231206668019885,0.9678628749087201,1.0342867840326397
2025-06-14,,,1.34692050956502,2.694247982647453,0.0019645593307993127,1.23199225143451,0.037291999716055964,1.8072576165574517,1.0231206668019885,0.9750638574307511,1.0171291555483706
2025-06-15,,,1.33145395943296,2.666361291067134,0.0019599082255563486,1.1857059260688307,0.036718804777002415,1.7815356477057362,1.0231206668019885,0.9634872626206609,0.9783756795482595
2025-06-16,,,1.3269126939683258,2.6734944073036018,0.002029503473342518,1.2301209761918346,0.037242016206650026,1.7812867362906217,1.0231206668019885,0.9710566728592205,1.0116739627979996
2025-06-17,,,1.3556142304195808,2.71231992213341,0.002267148622415567,1.2908833565443751,0.03699574056749794,1.7812867362906217,1.0231206668019885,0.9981371266787825,1.1221120309253738
2025-06-18,,,1.3027922782806434,2.6404733557924462,0.0020398098901191785,1.1859767055273085,0.03630559866509423,1.7812867362906217,1.0231206668019885,1.019368415513513,0.9551211644936599
2025-06-19,,,1.3097234755264946,2.6531744609419783,0.002189871110727881,1.2472188408317157,0.03610339337101178,1.7812867362906217,1.0231206668019885,1.019368415513513,0.9849329776945905
2025-06-20,,,1.3106717030344694,2.636948421178527,0.002067754904043608,1.2241650720649526,0.036367407619448726,1.6773113259694732,0.8877656483984158,0.9395844536331753,1.0043785959119635
2025-06-21,,,1.2733517211591552,2.5312434897069545,0.0019457996490233537,1.1498676233494758,0.0350791984401604,1.6773113259694732,0.8877656483984158,0.9395844536331753,0.9308205618277451
2025-06-22,,,1.2246239087067903,2.490783430721215,0.0015677778094003558,1.0674858699815717,0.03474897775966393,1.4103026925953412,0.8877656483984158,0.865906959489557,0.762030449330694
2025-06-23,,,1.1973561200838871,2.415549194557559,0.001508255818172811,1.001492842412754,0.033862380724204784,1.4103026925953412,0.8877656483984158,0.7935324264958169,0.703452138613564
2025-06-24,,,1.3889361902709825,2.5994747112138965,0.0020599796748180564,1.2157571056751495,0.03635099438778024,1.6302321098535058,0.8877656483984158,0.9182690239471716,0.9855047059765669
2025-06-25,,,1.3943652926915182,2.60178687429011,0.001955901890814272,1.3351273802384713,0.03644719716898375,1.6665099097366711,0.8877656483984158,0.9300678391467827,0.947928175417861
2025-06-26,,,1.3635735023673572,2.5969223836154125,0.0018578552917250183,1.354296395257851,0.035957881888458554,1.666055882560905,0.8877656483984158,0.9228561233134345,0.8739942286117907
2025-06-27,,,1.3418969017758127,2.5653332959147876,0.0017343433833504715,1.5196945742125483,0.035560480972094605,1.6483078249754144,1.050071500674915,0.8667412862255889,0.839266749635011
2025-06-28,,,1.3757904659002125,2.6025961114159215,0.0016879591988045893,1.4376650520711196,0.036112994751325476,1.6026937312260845,1.050071500674915,0.8667412862255889,0.8347889732944449
2025-06-29,,,1.354814396187728,2.637862317855941,0.0018848898350747553,1.4869897643166556,0.036424094677120405,1.6319913839224784,1.059754168876638,0.8890311257711352,0.9256972622909475
2025-06-30,,,1.4196071899625966,2.6754121385832783,0.002072037836251161,1.5205709771673768,0.03772685766596095,1.7371648581008516,1.1350069624060517,0.9382381524539506,0.9828378902967039
2025-07-01,,,1.3673310966484633,2.6614633781927712,0.0018921876750026866,1.5055434695514918,0.037206629508682545,1.7276867084327272,1.1276803009386676,0.909829527093391,0.890765840129587
2025-07-02,,,1.3066880573344186,2.557764916532556,0.0017036251319148745,1.3500961218049656,0.03575908710868821,1.6203321126051093,1.0109177365372533,0.8698280683771004,0.8213209814773544
2025-07-03,,,1.3642981704311041,2.7029946758949124,0.0017660251176886384,1.4360903731116799,0.03757980369022326,1.6433981299130738,1.0792400190040277,0.9380757011687447,0.9087130218982447
2025-07-04,,,1.3635521683068028,2.7119569359249955,0.0017126312492515227,1.4286960866040401,0.038005444534823636,1.6433981299130738,1.0866003943685558,0.9443800383980382,0.9146896070829091
2025-07-05,,,1.296205875479651,2.6427807324269774,0.0016209023841908517,1.3024686520838762,0.036420155261962975,1.6433981299130738,1.0866003943685558,0.9443800383980382,0.8523902337763767
2025-07-06,,,1.2953017227222416,2.6544180317185964,0.0015482488080062202,1.2798223028693552,0.03704779652214886,1.6433981299130738,1.0866003943685558,0.9443800383980382,0.8333818215685923
2025-07-07,,,1.3311364107072112,2.6913310541525637,0.0016694594333532327,1.288120929928545,0.037936387675095905,1.6433981299130738,1.0866003943685558,0.9443800383980382,0.8685781589906079
2025-07-08,,,1.3205423476563651,2.680702656118148,0.0016015192704946697,1.3102578381250567,0.03742268207782308,1.7364209073901666,1.0866003943685558,0.9461119906640781,0.7972741420338455
2025-07-09,,,1.3601573979970978,2.727004961142438,0.00157179179780626,1.394179320471565,0.038309309229579515,1.7364209073901666,1.0866003943685558,0.9461119906640781,0.8020660005617543
2025-07-10,,,1.4312647839840524,2.8443132006866927,0.0017004629902226008,1.4628368133974967,0.039938332658838775,1.7896466002752813,1.16458628966125,1.0031825788750592,0.8605406575904085
2025-07-11,,,1.5254470367316406,2.981168553581569,0.0017996028601929325,1.6147474873665975,0.04097730407969658,1.7896466002752813,1.16458628966125,1.0031825788750592,0.934010430492081
2025-07-12,,,1.5469703688410934,3.0088177603516284,0.0017644331986432279,1.6136526718199664,0.04106562174684706,1.9907921164407216,1.2506804315327273,1.0734995594467462,0.8828401076721627
2025-07-13,,,1.5483383802379824,3.0049367477552424,0.0016401034358079181,1.598469265235534,0.04076144145670251,1.9907921164407216,1.2145830685755543,1.0734995594467462,0.8204052193557427
2025-07-14,,,1.5483383802379824,3.034074685688392,0.0017123996617013219,1.6856873672411143,0.040837775053573666,1.9907921164407216,1.2362337527301377,1.0734995594467462,0.8393744549179661
2025-07-15,,,1.5542158978763316,3.0734383930212257,0.0016489756655439925,1.7957250241514162,0.041502973253209764,1.9907921164407216,1.2449940916772206,1.0734995594467462,0.8156099930710003
2025-07-16,,,1.5918825063353133,3.138686614615348,0.0016680405935420282,1.8419991989712443,0.04274151343030806,1.9907921164407216,1.283786306345854,1.2135761893376573,0.8108744965176169
2025-07-17,,,1.7309297312353134,3.2539683740772243,0.001862139950846536,1.8806458102559005,0.04299904950898338,2.132937739355828,1.2904102392153698,1.2135761893376573,0.8900103592729822
2025-07-18,,,1.763111645199172,3.338334452335557,0.001932938583735434,1.7647727432897464,0.0441007020716003,2.132937739355828,1.3575843358539905,1.0746112215202017,0.9095153361224955
2025-07-19,,,1.8833453725132692,3.3254587844740406,0.0018021287406624284,1.606566017385729,0.045207547202161996,2.132937739355828,1.3611687860403225,1.1169297670434328,0.8200194771987196
2025-07-20,,,1.9605821435149906,3.3919201294680783,0.0018118117299221904,1.6525308791798523,0.04542258956227007,2.3251727470986743,1.3561927273781327,1.0935272531920264,0.8547893331302808
2025-07-21,,,1.9605821435149906,3.460997437269024,0.001947604904920111,1.704279898515135,0.046757475147037285,2.3251727470986743,1.3548885487715618,1.1510166436971303,0.8799726931259797
2025-07-22,,,1.9486393802495308,3.4986158762141937,0.002056507883045366,1.6202806687990576,0.04754066709726027,2.3396679129159463,1.308061623720963,1.180409278196022,0.9142853788161186
2025-07-23,,,1.9393986362149338,3.5646803241196614,0.001995043968498858,1.6936856748903726,0.04748606692633715,2.293007112916977,1.271176020120856,1.1884448076205856,0.8708948566718289
2025-07-24,,,1.8816864353745781,3.42131410049383,0.002101533018217464,1.6981424342096332,0.04560227340905948,2.2697511619279,1.2356743176740765,1.1642599098225752,0.7862115151631969
2025-07-25,,,1.7191335672486052,3.426470559047635,0.002109007947233427,1.8713278664035984,0.04574700160545552,2.245748847886759,1.3194767522279072,1.1415583902248962,0.7342048761923002
2025-07-26,,,1.73905032998667,3.4249111188257406,0.0021326112470362495,1.8771660009988285,0.04609748666046968,2.214055730372261,1.3194767522279072,1.2300670246661676,0.7481054821860474
2025-07-27,,,1.7651203501326571,3.471083532164151,0.0023162079774619315,1.9261343163509272,0.04651315615360597,2.214055730372261,1.3227290052779248,1.2550798109956451,0.7614955362851522
2025-07-28,,,1.7548075269953969,3.552218109203653,0.002340181534748438,2.036410442983695,0.04791111181114888,2.214055730372261,1.3227290052779248,1.2989648451209053,0.7753455802713757
2025-07-29,,,1.7501522454232674,3.455119720773013,0.0022954246699292257,1.9558195805978458,0.047164483807784936,2.124972505166452,1.2424259065323882,1.2780552597829846,0.703053066253742
2025-07-30,,,1.7501522454232674,3.4207199004256896,0.002402074245889054,1.923971412335903,0.047182229391258906,2.124972505166452,1.2424259065323882,1.1614568775770666,0.7625847006485499
2025-07-31,,,1.6599016568906546,3.4334754279778537,0.002381501588003576,2.0030626126227795,0.0465910677011555,2.1144615562742493,1.2235939599315355,1.1510514578140283,0.7446122709950932
2025-08-01,,,1.506061777529673,3.3289849235032234,0.0024050137419771777,2.5700268791207335,0.04465205037592678,1.963706474107828,1.1389873833068178,1.110119077585577,0.6939542021347523
2025-08-02,,,1.4523412767369397,3.194035592428528,0.0023621021291927954,2.1094818616997277,0.04310862583808024,1.8743790567396226,1.0832766302070236,1.0895364799453282,0.6536335230477617
2025-08-03,,,1.4004416243306617,3.12629730650771,0.002295470903383433,2.0108735203108186,0.042884118949223386,1.8597727865155074,1.0355253790322252,1.0588963149782733,0.6569307938353807
2025-08-04,,,1.4654690975915687,3.212462308991945,0.002589226320839795,2.259881866983998,0.044010907128293204,1.9458239185500539,1.091637662802257,1.0919139525360237,0.7557375314301676
2025-08-05,,,1.5232944605616756,3.3323296561189992,0.002844260769934285,2.345159590729968,0.04517740880792415,2.032354220813538,1.1875306343982057,1.1675227275297306,0.7839503543760699
2025-08-06,,,1.4994751905992287,3.2517002161712774,0.0028623273194440402,2.1532374965088588,0.04473100156201964,1.9665399633194467,1.1714451701457438,1.1027973352034852,0.7463676458131665
2025-08-07,,,1.513095010783828,3.301814267135085,0.0031413463884453112,2.225109236577635,0.04557379010378362,2.0077987962063397,1.2100692073138584,1.1038251586774288,0.7839014286583695
2025-08-08,,,1.5714993571522289,3.4864521932016004,0.003428539551681989,2.4100296655375177,0.04765284610442985,2.145400397168287,1.2920129838658023,1.1817028216547514,0.850757750959667
2025-08-09,,,1.6532518557936793,3.493953793240221,0.0035020300925556742,2.4594707092374453,0.04734145226629332,2.2186821948093645,1.3401697939782529,1.1752942639497814,0.8480788207546546
2025-08-10,,,1.7464388014867809,3.5799512599871726,0.0035108563642771047,2.520969774626973,0.04937664270583727,2.300216603338461,1.4080626824823472,1.2819986710598759,0.9036370435288393
2025-08-11,,,1.724425720813554,3.6136506988762305,0.003646595389607662,2.401387737070004,0.049421802783201504,2.331829571986771,1.4089552699000885,1.2897502660136206,0.9425144737287504
2025-08-12,,,1.8073842651647851,3.5439122136065295,0.0034367490028099023,2.4316873304707185,0.04886128888148012,2.305543532594811,1.4258063849296612,1.2870972107909275,0.8483017481082753
2025-08-13,,,1.8073842651647851,3.7818008612239655,0.003631748601753236,2.5603182039720065,0.051696075244460474,2.405074624782578,1.4268415437875968,1.2945681708360628,0.8857300093279079
2025-08-14,,,1.8429302421448979,3.8955416793029936,0.003980722786833532,2.58197591027305,0.053753033683373634,2.4717799680067425,1.4398907642798042,1.2841406141069758,0.9565142163703588
2025-08-15,,,1.6978573489227633,3.724244789663879,0.003631117308627331,2.1908773886597364,0.051164349535717024,2.328713196052096,1.3373542831674972,1.1860224206888703,0.8346672575821819
2025-08-16,,,1.6458790312042113,3.6438112390623547,0.0035063371487971764,2.117580673816475,0.049436157388081894,2.182995708744932,1.2591820954837993,1.1581146258659347,0.797769706325469
2025-08-17,,,1.6642925079841757,3.6325879449031895,0.0036252916884766426,2.1254883363631007,0.04967180789306261,2.1732698861953663,1.235268547675283,1.1626051236925479,0.8185770827411705
2025-08-18,,,1.663975682661791,3.6925992640092815,0.003943427287611243,2.209649272736048,0.0505188110807085,2.2575175819971047,1.2501901864742655,1.193332720518433,0.8688532429353012
2025-08-19,,,1.6590828297209848,3.589928723497265,0.0035581321293266703,2.1629481346310246,0.04926530971607352,2.2064510996202937,1.1873283899116185,1.1178302699454261,0.8289452423882039
2025-08-20,,,1.5650035214544178,3.4025010014585932,0.003292436154319655,1.9985687792925244,0.04753317099485673,2.085168616325855,1.1760078599035897,1.0381096697228502,0.7657026316525024
2025-08-21,,,1.677544366445948,3.5398849273147692,0.003550053802721987,2.1589388868595782,0.04965856854721992,2.0988894809617973,1.2850173560410223,1.0852784670903675,0.8047876933268272
2025-08-22,,,1.6310209152417843,3.4353542673607707,0.0032000004367576866,1.9695123253918705,0.04808223935323634,2.3850914352303403,1.2784601290806517,1.06399485818933,0.7452249408506205
2025-08-23,,,1.8181813261045132,3.8070994215675547,0.0037505833967205623,2.203112011700242,0.05283058310902125,2.3850914352303403,1.4782026846787792,1.147680323872855,0.83727453562505
2025-08-24,,,1.798664060534235,3.747245338398297,0.0037422667095387274,2.035782740993365,0.05336515635175299,2.376174183391356,1.4520881398865506,1.1223184920544698,0.8063558444565463
2025-08-25,,,1.7885464216549611,3.7435882541383236,0.003633411245875538,2.0056478056445313,0.052533164699592294,2.381154609694824,1.4196039265091756,1.1223184920544698,0.7739985370783107
2025-08-26,,,1.6390269213588176,3.491577303151184,0.0029634222678033284,1.7774622567521539,0.04891272111030313,2.0755970356644897,1.276578577598121,1.1134502923607643,0.6704486835324498
2025-08-27,,,1.6687449066507736,3.6020794069703017,0.003201717724130544,1.845617094697973,0.05024862853955588,2.1796832246618947,1.301805482920184,1.1120114881212777,0.7159341407807311
2025-08-28,,,1.6525891555893013,3.5587796131166813,0.0030072114500708357,1.704844469735969,0.04932830209365514,2.1921846059517454,1.2788471008887443,1.1205592058020601,0.6700655091182941
2025-08-29,,,1.6623545232564747,3.5996539130652856,0.0029257813634285586,1.6722952413351557,0.050104282308163495,2.166280772575062,1.2788471008887443,1.1205592058020601,0.7066210049221965
2025-08-30,,,1.5630381732415366,3.4769988885761482,0.002782566979988212,1.56988449212403,0.048997854310504706,2.166280772575062,1.2788471008887443,1.1205592058020601,0.6549790829873655
2025-08-31,,,1.5630381732415366,3.4989952179271615,0.002792254416363425,1.5409392768820787,0.04925152613028529,2.166280772575062,1.2788471008887443,1.1205592058020601,0.6761290985209343
2025-09-01,,,1.564287176646896,3.466497195315578,0.0028256383700249487,1.5268662020531831,0.04887524643313309,2.0531536353171407,1.2008656596989493,1.1205592058020601,0.6663395607934488
2025-09-02,,,1.5508462410732626,3.4478502579894226,0.0025874899540272445,1.4489558610063695,0.04774583013389328,2.0531536353171407,1.2008656596989493,1.1148955205609403,0.6072025260451733
2025-09-03,,,1.5388154757672423,3.5243308253540766,0.0028110585366766154,1.4305327651699542,0.04899860166943571,2.0660038394716125,1.2016200518398266,1.1148955205609403,0.6577524412567576
2025-09-04,,,1.5922744213622446,3.5936946075574507,0.0028945590476237605,1.5562202806544194,0.04969645297857876,2.136579794821521,1.2298431181554972,1.1556711088441702,0.7142751200855575
2025-09-05,,,1.5506065108923148,3.484741112662385,0.002630751780803753,1.5185452876670902,0.04779447714120823,2.136579794821521,1.2099428011906501,1.0838643321171093,0.661379348455415
2025-09-06,,,1.5491347754431364,3.5068887293068305,0.0026665592602781027,1.4682049832447022,0.048190675190049805,2.0505704680776597,1.2592939218392456,1.1190632786227699,0.699102718415721
2025-09-07,,,1.5398252140032238,3.496546051852508,0.0027310173589431197,1.678739194717152,0.04764985175034603,2.0166619247495126,1.2599120955914715,1.1265971874930976,0.7136405558588506
2025-09-08,,,1.571047888216997,3.522605082570452,0.0027552293824894534,1.684036321503003,0.04883849985508619,2.0166619247495126,1.2155678425934466,1.13470622615721,0.715765531096814
2025-09-09,,,1.5803369778856613,3.56998472330485,0.0029133084022264625,1.7235888299358222,0.049080841400879836,2.0694134471991115,1.2155678425934466,1.1369901835660614,0.7891634926375075
2025-09-10,,,1.6055694126165245,3.5577118649415995,0.0027404396084426226,1.6925320023154051,0.049426680391014687,2.0694134471991115,1.2169220766563544,1.167376330182959,0.7489171310681256
2025-09-11,,,1.6034799570965574,3.619952107909594,0.0028385313625616986,1.711464205057397,0.05000847599689457,2.0836902605930305,1.2168362922240732,1.174692018896433,0.788152022186281
2025-09-12,,,1.6289749220838547,3.680354731069182,0.002920343368798188,1.7590710352629653,0.05093410275088858,2.166873488712163,1.2375093959477832,1.1950527152424335,0.8144059150698713
2025-09-13,,,1.6669574872260589,3.816371332250212,0.002930375331296113,1.8739090857863578,0.05251326458609268,2.2512582143820667,1.2941269406285398,1.2330235886274348,0.8143957101210176
2025-09-14,,,1.6554055195655046,3.803958805890005,0.0027594972354628424,1.8207263823529163,0.052010226140420904,2.2555374702792537,1.2941269406285398,1.2182520887447648,0.8202116964458387
2025-09-15,,,1.6111540309265584,3.754393248894957,0.002613776160354629,1.7846811514125338,0.05124861847675199,2.1747357824182,1.2936296243665153,1.2094618480302655,0.7736672012310566
2025-09-16,,,1.5838511438769511,3.713452150978256,0.00257070252942731,1.8500535299753718,0.050217651943400984,2.0697732896906316,1.2075013577274876,1.1823253864616439,0.7269959983889444
2025-09-17,,,1.5462412802661514,3.754672517432147,0.002721415260607309,1.828572622709201,0.05072947515398524,2.0672751115210843,1.1639718565185113,1.1653142147353883,0.783085259283943
2025-09-18,,13.105761725553501,1.5770898251521421,3.787347321661655,0.0031584279888203265,1.745638898058156,0.05163610825052698,2.0672751115210843,1.1665330289676135,1.2079646025692397,0.8925411033707396
2025-09-19,,13.105761725553501,1.5742619197901548,3.7956653323636798,0.0028554088206202747,1.7318965583632895,0.05173821176499631,2.0672751115210843,1.1665330289676135,1.1797909648746638,0.8301256490580466
2025-09-20,,12.709495819456729,1.5412159287758844,3.7092883782765846,0.0028105075744056136,1.6814354623027434,0.0507191191743607,2.0519791444290836,1.1665330289676135,1.1816002771068062,0.7771029728103843
2025-09-21,,12.54555703616225,1.5375799253059779,3.690680810349168,0.00254543851891846,1.628828917892383,0.050890420067509594,2.0519791444290836,1.153392420174253,1.1229945830571741,0.759217903871053
2025-09-22,,12.610080112497258,1.412870779182972,3.687149128906368,0.002530431104220435,1.5017056016760482,0.0504641731633972,2.0764508435398206,1.153392420174253,1.0857625803705646,0.7294529629968634
2025-09-23,,11.743127125868414,1.412870779182972,3.51723626999578,0.002482940991079699,1.4939748105833386,0.04760432882294621,1.8792251533321984,1.1106102257657227,1.001559047231532,0.7186666916887275
2025-09-24,,11.646595519933745,1.4016986753188374,3.508375261010397,0.0025406944433108087,1.4887531808829655,0.047680411076365635,1.8792251533321984,1.123758421246039,1.0026302243003846,0.7257954491883527
2025-09-25,,12.00015031397291,1.3986476507279173,3.5167627389370675,0.0026203764341240676,1.4777383849717962,0.04745654804181749,1.8792251533321984,1.123758421246039,1.0014493906812463,0.8286433470000288
2025-09-26,,11.376287552795942,1.300359498524116,3.3173678990266358,0.002222732286310693,1.275351551578982,0.045132425231687305,1.8792251533321984,1.0245424671994707,0.925873197293694,0.6837404667323729
2025-09-27,,11.65186068995308,1.3208752595929287,3.3911982637214075,0.002506114156157427,1.4194400553739464,0.04606431773942346,1.8792251533321984,1.0678983911890845,0.9803523406886953,0.7546400081915758
2025-09-28,,11.553204535346243,1.3191627437952282,3.3881320600104528,0.002442007399678336,1.3554010327230543,0.04595740328660293,1.780283238630255,1.0678983911890845,0.9822239787810051,0.7419629479486164
2025-09-29,,11.867878257291771,1.34292732722347,3.473738619870022,0.0026712040588835486,1.4040402041639228,0.04710222782430209,1.780283238630255,1.1006676796313823,1.009588099058074,0.834346710874032
2025-09-30,,12.077595514982363,1.370815854905437,3.531246100919859,0.002679160422537035,1.4928482057209616,0.04723962031050456,1.8601677809615378,1.1006676796313823,1.000948671360752,0.8615246960819163
2025-10-01,,11.929093125610283,1.3227724320453096,3.4774527331458263,0.002558150383113938,1.408806676385342,0.04626684492591448,1.7773426111848707,1.0119697819486937,0.9847462684514472,0.8549999240076901
2025-10-02,,12.478752343709775,1.381007730339051,3.6555656630207,0.00294462295055071,1.4971054116899813,0.04835803394512402,1.8407862708318368,1.1137817945320125,1.0492092435261255,0.9401928072467969
2025-10-03,,12.906352741815569,1.4170487285904927,3.749770336831432,0.0029606738381459875,1.590378748284221,0.049346097572092684,1.863431362716715,1.1456988914398738,1.0699968965508977,0.9365415246163231
2025-10-04,,12.968218825354098,1.3923291771887114,3.7922591181853575,0.0030285700124427105,1.5711471287786005,0.0499359744606202,1.934355961161791,1.1682216926822617,1.0628375347152803,0.9579143589371737
2025-10-05,,12.786015020886742,1.3894017364199844,3.7594975725626685,0.0028156664337619596,1.5639697326406479,0.04959968576997334,1.9277456250170943,1.1415120303519808,1.0216230537079283,0.8983099514319082
2025-10-06,,12.871350041776262,1.4247572408667437,3.7787695076211554,0.0028509322741914977,1.6081697896078944,0.04989667316098149,1.928972017365289,1.1619964776968814,1.0100927605785632,0.8797458470956039
2025-10-07,,13.178249671473306,1.4509865029879767,3.8693187866307683,0.0030338194618430908,1.669646688317296,0.051546723063175884,1.9410131548591878,1.2085142267740638,1.0509186373764217,0.9758912144722227
2025-10-08,,12.61532653516595,1.361233381094452,3.688297180871233,0.002738937959979616,1.6265733373191873,0.048668621300148304,1.867480094636732,1.128411042085391,0.9849231265619092,0.8976157759407177
2025-10-09,,12.880358249240219,1.361233381094452,3.7666647778417657,0.002860398406817396,1.700866808931595,0.049954417315337216,1.8587590866930637,1.1461809922921977,1.0044879425949238,0.9109486806832723
2025-10-10,,12.518062153416913,1.361233381094452,3.674544303068284,0.002622073932634138,1.6369299129895005,0.048777882273329826,1.7812215240913762,1.0945252602297781,0.980302887158109,0.8439946159217859
2025-10-11,,11.10172279148859,1.058674391164556,3.27507202633818,0.0022434931927824203,1.2972888980894188,0.04406072261117316,1.6103893580640836,0.9639945060082277,0.8873885622104268,0.6605007632995988
2025-10-12,,10.852720105131603,1.058674391164556,3.1917742699455847,0.002110261019418245,1.250263749390799,0.041668267165072326,1.4430680635405655,0.962669132811853,0.7898685404164291,0.6117748946796411
2025-10-13,,11.539349892578073,1.180200554125153,3.426419350764647,0.0024273687903462603,1.4549523003339917,0.045166536635030334,1.602696607857592,1.1028531765661684,0.864788916571665,0.7122845377491571
2025-10-14,,11.819924106942777,1.217243070740089,3.4532687466118195,0.002403574178606639,1.555815883165767,0.04645842159938038,1.6703290339212855,1.107435160707351,0.9046367129991779,0.6732131672015368
2025-10-15,,11.448991921822564,1.1784008101278705,3.379918323853655,0.002284886211902087,1.4833752076101037,0.04518010332601292,1.6245751920492066,1.1061909199732458,0.8692079934730232,0.6321108633162487
2025-10-16,,11.158764329507958,1.1362173651467438,3.2847666303984,0.0021225766992795767,1.4740598672620022,0.043747442164131775,1.6236237034292647,1.0723142598289863,0.8371091957124787,0.5627565674620604
2025-10-17,,10.815995535090963,1.1059567366104346,3.1910732652777645,0.0024139620202944193,1.3690939825093766,0.04240066895857941,1.479184140802296,0.9839144840319333,0.8122105169165533,0.7299912235392583
2025-10-18,,10.660379470255183,1.0802050929531712,3.113593234180228,0.002210118220635651,1.3718629427033002,0.04101285627661244,1.4478581334019365,0.9491107184564463,0.8222093513276084,0.6714812433004317
2025-10-19,,10.74916866979373,1.0962116165207147,3.1822063501513287,0.0023698010935735148,1.420054746964142,0.04159298091367863,1.4119623269498283,0.9633033788427657,0.8350687859118961,0.7150293101229379
2025-10-20,,10.941286567681729,1.1236467727677464,3.2132873976504963,0.0025795243945831285,1.4565846970525747,0.04282936455068413,1.445481998392263,0.992331858889205,0.8605390728884064,0.8205032483009853
2025-10-21,,11.146435181958052,1.1123113999241123,3.2805975686918982,0.002621753444995718,1.4911854658224537,0.04275573866341244,1.4665859026524253,0.9901627221234522,0.8439513958127373,0.862845057651858
2025-10-22,,10.918423905444715,1.0977956677130174,3.199758527122276,0.0027383109058207677,1.416671342883705,0.04189368241958272,1.4665859026524253,0.9657321556502552,0.8372061887811979,0.8849887170361276
2025-10-23,,10.685120059802827,1.044404462756969,3.150733611302337,0.0024804488837253972,1.3365307277476235,0.04148544391018285,1.4183438564591369,0.9369065955831831,0.8091568119405605,0.7932923113002874
2025-10-24,,10.953195633162377,1.047313024122174,3.21959648580719,0.002848255055111266,1.54242013680876,0.042369374450756045,1.4563932122297836,0.9671564465723987,0.8313826490711772,0.9175792882774819
2025-10-25,,11.12353655891151,1.0734835594205567,3.261818980566497,0.0032888175806796067,2.1676695422778893,0.04264146988944026,1.4396717750006536,0.998581402808837,0.8374851461339148,1.0728382897790134
2025-10-26,,11.25153121935808,1.0685981806396274,3.2913662510412713,0.0032489677180030756,2.759134756657659,0.0424280056452683,1.4396717750006536,1.0120419933259037,0.8347426871039864,1.089736551468614
2025-10-27,,11.65851049534428,1.0991079282125207,3.433024175597209,0.003255510772618228,3.1525352175024497,0.044259833183537496,1.4396717750006536,1.0711607103306453,0.8820016362116788,1.1558818394135044
2025-10-28,,11.492173982433181,1.0886904398082002,3.401190451221754,0.00341350498097298,2.881075166885372,0.04317999750064502,1.4396717750006536,1.0226884746717966,0.8595933755126588,1.1960678859580391
2025-10-29,,11.297605001154853,1.058175663849697,3.3329988613022006,0.0033145046565484864,2.574012181858454,0.04241893608289535,1.4608239074959701,0.9972486977209393,0.8351965270524215,1.1618106848507173
2025-10-30,,11.089163298320534,1.0641179564640206,3.266534149450597,0.003165228724640897,2.7182632782312863,0.04174675089501748,1.4608239074959701,1.0146200566559036,0.8341520992465711,1.1600053778897153
2025-10-31,,10.86223163658566,1.0156474885858013,3.186248015938528,0.0028305798667380352,2.442816496931481,0.0402876794075106,1.3867639753734342,0.9922407934164997,0.7706962121214396,0.9962439963926901
2025-11-01,,10.950125925691774,1.0367488034103935,3.2219350171677563,0.002885441651002313,2.4875024490752016,0.0408395315579668,1.3999154999538987,1.034509026502843,0.7681984305845351,0.9799751292060351
2025-11-02,,10.978888776016184,1.0357315503655857,3.21429659722484,0.003077318781934004,2.3495101593939864,0.04076671393002633,1.3999154999538987,1.0516306520932768,0.7642306737992358,1.1169248151186486
2025-11-03,,11.020507783192311,1.0445228281388557,3.244903871027966,0.002889247158741696,2.241625071345515,0.04129343247579769,1.286670552874491,1.0443471711102876,0.7598149438398514,1.0513436430541863
2025-11-04,,10.247945740556371,0.9461887131531599,3.0463548657425843,0.0026297688426885884,1.8305156359425951,0.03749214762824941,1.286670552874491,0.9410105184739358,0.6933342947439451,0.9732284545470222
2025-11-05,,9.677113012373804,0.8755612034311647,2.835431518604134,0.0023630090021698425,1.7610444441972404,0.03607706403527774,1.2962894269845555,0.850699953390705,0.6737412966292335,0.8480740957241268
2025-11-06,,10.060295886350799,0.9857089136523258,2.933620447814385,0.0026571482484060954,1.9756764149869628,0.03674701726372242,1.2011915034089793,0.852816859388851,0.6922294470804946,0.9776904449278129
2025-11-07,,9.717234275391469,0.9851225382646511,2.8225693059705645,0.002412875554187338,1.7764612178343455,0.036276893777206214,1.308728129907552,0.8520381968591783,0.6520499773313686,0.858006909481171
2025-11-08,,10.039779850423525,1.0555319185851004,2.9393286304543396,0.002664500504818839,1.9598422814962957,0.037378594705969256,1.308728129907552,0.9261375047070375,0.7239260974075118,0.9964049863564347
2025-11-09,,9.96684789047736,1.025511969068495,2.9053464917096132,0.002510101857128666,1.8514292276584479,0.03714994721912166,1.342562802098551,0.9404629923050927,0.6890163233284142,0.915878937921095
2025-11-10,,10.119174200884279,1.0646256107243275,2.99211251646146,0.0029965920594757444,1.9848602345356299,0.037675965300798434,1.3874025014695663,1.01850213238029,0.7142254030092694,1.0566897755155016
2025-11-11,,10.414197481063535,1.0432284050084102,3.0663610623175437,0.0030995974585595666,1.9458968032519306,0.038940972585999205,1.6902775166078818,1.035443730762264,0.7269659074648945,1.0421974300570003
2025-11-12,,9.890173252976444,0.9929685263262192,2.9360372261693692,0.002989901224178838,1.8243480108493317,0.037399069288365235,1.5960356123815627,0.9839473593260981,0.7064054947318322,1.0416160598345614
2025-11-13,,9.790863301357595,1.0437590291618026,2.889733815523639,0.0026310311893165427,1.8104946113635443,0.03697741616014559,1.617242978582893,0.9769674205688594,0.6645529255268946,0.9692989973773674
2025-11-14,,9.55737177030279,1.0205194424875494,2.807018583175092,0.0025284803735517846,1.6573063155751844,0.0359167179458824,1.4460264245267342,0.9835435508314204,0.6640919061386532,0.982962920322898
2025-11-15,,9.134804236319995,0.9300139054884021,2.691535755372045,0.002227063062777121,1.526355737482822,0.03447932356866492,1.3298747865275817,0.9768331688507736,0.6231237770906732,0.8319264136413633
2025-11-16,,9.253379171344637,0.9408967308152333,2.716955649696366,0.0022908774016150257,1.586544976602824,0.03487891832931854,1.3757075753755088,0.9674011472002414,0.6323214073835983,0.8538818916182328
2025-11-17,,9.048281121900148,0.9284265185172385,2.6772550923055194,0.0021017100096505435,1.5317144465032673,0.034418398403847014,1.3399537219551418,0.9864538500921827,0.6027904622663994,0.7661150823485274
2025-11-18,,8.799601977167768,0.89013409763239,2.5921418563695284,0.002019133155649376,1.421334743049191,0.03367763197414182,1.3085529023114677,0.8921706983660473,0.6054942247563382,0.7663283986669711
2025-11-19,,9.019049935946947,0.8802312627982164,2.653714608687316,0.001993595808270367,1.4989656171386831,0.0345696998884189,1.3519988352611174,0.8746292930560573,0.6115891788810286,0.7558404909042685
2025-11-20,,8.768830035731876,0.8948613906103022,2.582880540980056,0.001869178557177452,1.423004284320322,0.03407687541124431,1.301674827885556,0.8698087835904917,0.5950146361199433,0.7240851490220527
2025-11-21,,8.376190700958137,0.843999285156676,2.4443409240075735,0.001639362793745824,1.2748627355742488,0.03242911789275454,1.2306756020175602,0.7741244148801034,0.5641965881907823,0.6334284384364981
2025-11-22,,8.097137767876811,0.8319532823717012,2.3877664949293296,0.0013663435149541877,1.2338617315570692,0.03163791626452699,1.174397420812655,0.723521299191752,0.5298311048182099,0.5100179629680409
2025-11-23,,8.107977346201437,0.8159001326199437,2.381853641734901,0.00148842705506805,1.2045009447420525,0.03192783703982038,1.1486407922948438,0.7539048941778084,0.5138043129384028,0.5649324130038685
2025-11-24,,8.30190803821806,0.8194713895676491,2.4406117865208388,0.0014401944563415166,1.2339070399532936,0.03195258185411532,1.173039062325541,0.7370192497980446,0.5225650404745131,0.5459370293302833
2025-11-25,,8.751926233608124,0.8617268291604445,2.5605809045159105,0.001612469682404722,1.2836489117532273,0.032883629440037844,1.2437812554659657,0.7651261473063542,0.5487689153827233,0.5920469820069714
2025-11-26,,8.64075830454096,0.8631977031339071,2.5485342846589156,0.0014972952967911965,1.2378766379604438,0.03344287511009018,1.2197166319297614,0.7422849501414593,0.5535919522785766,0.549705570805925
2025-11-27,,8.807902679365425,0.8631374082646381,2.6033017405085532,0.0015966538229924224,1.2724743012741835,0.033832469959019264,1.2573279468573406,0.7555398007293754,0.5664784434956194,0.5835833760190613
2025-11-28,,8.798612636330587,0.8482247519464894,2.6008362197500383,0.0016627321822097524,1.2546778845613493,0.03378591600667701,1.2467416102828353,0.7425251206313198,0.5999489764513511,0.6298949734197113
2025-11-29,,8.794166736626112,0.8587714142241802,2.5898095665913305,0.0015530095872742504,1.2296121402678313,0.03377228202216412,1.237963142024916,0.7370210469046656,0.5960259632143811,0.5584427536935269
2025-11-30,,8.716627499246135,0.8503664655028641,2.578946758774689,0.0015013694532906982,1.1946809728673162,0.033662266260962685,1.2229170356741121,0.7008895568242107,0.6163971523768997,0.5466459508223651
2025-12-01,,8.769797428258974,0.8654372439208835,2.6065908186054596,0.0015323021430538484,1.2124634223015527,0.03359368972770815,1.218796589755244,0.7053132277433605,0.6115010973309896,0.5571136140571791
2025-12-02,,8.190908883937226,0.7990443485755262,2.4254757082519984,0.0013464738589974534,1.0801799460005943,0.03199037941764611,1.1198282911637965,0.6557640331504475,0.5555876143309374,0.5059160068961309
2025-12-03,,8.755518684755886,0.8489632299319668,2.5965308749778195,0.0015385350055508575,1.1535502319810582,0.03365622610339634,1.2045744754778875,0.7046564180360981,0.6081943139779885,0.562999039728919
2025-12-04,,9.181686544175369,0.8697345614299542,2.6983305180515647,0.0015918680054327011,1.3380566196879673,0.03495136811640838,1.2758087508366553,0.7353624579269323,0.64130979316722,0.5861367941284035
2025-12-05,,8.887242339267205,0.8465866361881993,2.6424762060597278,0.001509204802535081,1.1891161242757768,0.03444629943282866,1.223404455725247,0.7087206536403541,0.6239394646902727,0.5551168119075717
2025-12-06,,8.507883403681536,0.8146742672093081,2.5484663801147964,0.001377482425070405,1.126457484623271,0.033669691007650084,1.1501764305807305,0.6637439270189095,0.5767247220220484,0.5130805497779704
2025-12-07,,8.51694948287761,0.81691222857126,2.5438395060396166,0.001396382063661106,1.1502133609277356,0.03407200425139369,1.1543042779601531,0.6723858733539375,0.5821079395908617,0.5076185335166874
2025-12-08,,8.611437798260177,0.802427410116311,2.579280988461093,0.0014122898842576482,1.128945823246595,0.03374314013769081,1.1513995852193397,0.6620820817977604,0.5861675463933597,0.507109398998833
2025-12-09,,8.773052208442905,0.8289471614307063,2.597322748132775,0.0013911531943444925,1.1283201705426171,0.034235215745169655,1.1878850120038082,0.6623629524083033,0.5980777718267798,0.4954721859683177
2025-12-10,,9.120100331407267,0.8565316372890621,2.708136903976984,0.0014782098614771763,1.1666257684000172,0.035403306889627575,1.240735674561832,0.681650904593643,0.6189620220826354,0.5313922029633844
2025-12-11,,8.950008584133393,0.8399434909529743,2.679543051092276,0.0014354888552360096,1.1292683466008162,0.0344760493412098,1.1988821319556333,0.6840580323148127,0.6078478326492102,0.5057111645457312
2025-12-12,,8.827812055982172,0.8182398750740764,2.6381641232321673,0.0014029733907529919,1.0481388001142904,0.03308737985857367,1.1773557259318475,0.6654237664042839,0.594718942814762,0.49880647559617414
2025-12-13,,8.617678518709555,0.7888572478990833,2.5752927940942896,0.0013331045743405344,0.9869576198828842,0.033662945594189586,1.1422718370748997,0.6372145393089893,0.5917270418943524,0.4821789773564314
2025-12-14,,8.664417768461066,0.7970262826236755,2.5953856310729395,0.0013042437301098893,0.9992025882291055,0.033830333251250386,1.1672907882891663,0.6432120777710397,0.6002687219579168,0.4673208584797929
2025-12-15,,8.523909500451493,0.7754823100703458,2.5251624817265323,0.00119547548701206,0.9491314636625019,0.033831299509869454,1.133696600970613,0.6273059623059464,0.5955005618523307,0.4200971962305531
2025-12-16,,8.198164285318548,0.7513470246661992,2.4626107492589795,0.0011964931993131871,0.872711754689717,0.03275949502248928,1.082699123372075,0.6248657904903392,0.5640771169084235,0.42587063485471116
2025-12-17,,8.262631605557097,0.7513237491356063,2.475810289650488,0.0011886126084550107,0.8825901698991138,0.032338648400766085,1.1028711819935249,0.6125154429052377,0.579641647827148,0.4202626824579621
2025-12-18,,8.007668705222397,0.703261049254693,2.405848370915862,0.0012088321528514888,0.8173042861226938,0.031267795784220204,1.046560020761828,0.6137223238614825,0.5439663416100613,0.4488459902781211
2025-12-19,,8.013848634203931,0.6838043783626869,2.380848299576273,0.001158739229037457,0.7866465084208788,0.03108087205330295,1.0350226916716698,0.6048008635605439,0.5389651251500779,0.4120676261489285
2025-12-20,,8.318646164359143,0.7126298427520873,2.4974547860825336,0.0012245607446063115,0.8095376726421709,0.03186366260857855,1.083201822710921,0.6535963142125082,0.5627584054763975,0.45798839182837947
2025-12-21,185.05255567586784,8.290406946817376,0.7160434710620164,2.4808760239444116,0.0012316006944300393,0.8061015917235691,0.032566156378196966,1.1560050635878019,0.6678532234263327,0.5840513602332789,0.47216600425758504
2025-12-22,185.54785619531455,8.350694971459365,0.6977096974327595,2.4912645810961007,0.001148473741232699,0.7938258348575538,0.03257566777014018,1.1050653868489742,0.6679112340089993,0.5885693129487638,0.45547213297947586
2025-12-23,185.21874446290965,8.366722281596227,0.6929305702483706,2.4943509599017233,0.0011256611670850227,0.7741945297261018,0.0321167406038135,1.0888296494130039,0.668772338678742,0.6018732832588882,0.44784408287691907
2025-12-24,183.40440753421183,8.238715706938532,0.6881190046609166,2.4591411709570736,0.0010912497998904404,0.7442460955166985,0.03167734126279321,1.0634107192419575,0.6484446344093765,0.574544939724853,0.42212599436221426
2025-12-25,183.29623528623557,8.220055063887395,0.6826827857072539,2.448117294653085,0.0011165992517667618,0.7491114488276077,0.031532165027962265,1.0568507052549907,0.6406527122147848,0.5929996389499211,0.4353880166341558
2025-12-26,183.59169795380026,8.11197637696988,0.6829303114124204,2.4181676255154465,0.0011131910280968197,0.7489983556732015,0.03161410281081973,1.0640898856489733,0.6473623022095607,0.5926605017212622,0.4380988645528643
2025-12-27,182.44042656266203,8.176068127301741,0.684309698747865,2.444727184440108,0.001141159204524275,0.7362468779293291,0.03159726953523543,1.0714916331295485,0.6675075383300613,0.5711239070839993,0.45219732404868745
2025-12-28,183.7220462231998,8.198671308743823,0.7016285372915152,2.4817223822309677,0.0011622795205313043,0.730442649037985,0.03218160078780909,1.0925961273607092,0.6704824366196952,0.5746488928909981,0.4615357737184938
2025-12-29,183.59476706702642,8.218049010031889,0.6944039518270317,2.4614782919983615,0.0011136624983069995,0.7188340965811081,0.03238870878127623,1.1136680811880142,0.664557189729168,0.5796457810418424,0.43793189024086254
2025-12-30,183.50999638427209,8.190542498765339,0.688535013866322,2.448945602001915,0.0011974133341500907,0.7133583617466738,0.031806523431202105,1.0817184680486644,0.6519254251937596,0.5632227760959355,0.45898750522179127
2025-12-31,185.24286888043497,8.204993399477589,0.6813407593291274,2.479319604399588,0.0011087744916522236,0.7113793754744795,0.03184552289501036,1.0766052345579553,0.6471604527250004,0.5551544949007954,0.4274696785340304
2026-01-01,183.55856904374863,8.188197304179033,0.667829028487877,2.46407838705615,0.0010436054922110891,0.6673805725907481,0.03185573334630133,1.0337545649539444,0.6337053138264066,0.5334497082249025,0.4128030854260058
2026-01-02,185.46820404131407,8.270573831169248,0.6831273857773866,2.4857289237771387,0.0011004081848067866,0.7289488088580125,0.03223563925361336,1.0654314573077037,0.6701167114828881,0.5649807827696592,0.4436911573546483
2026-01-03,190.84984829649443,8.629382507375336,0.712264477753745,2.566368681947473,0.0011886428877684843,0.8167773323171968,0.03305132029256843,1.1365692461268957,0.6934045750702271,0.6015669089058766,0.49140954513387436
2026-01-04,191.685733689351,8.613702814976504,0.7242467115546425,2.582729774594659,0.0012711485159434405,0.865210535892385,0.033171505897526696,1.124280995518471,0.705892304506353,0.6000262081419225,0.5264392877889825
2026-01-05,193.64038610060763,8.742264783486865,0.7403699529129646,2.6189097376936163,0.0013962389480105513,0.8593935569439906,0.03329554906714694,1.133750322791073,0.7132414074302674,0.6053554164083126,0.5596625284097637
2026-01-06,200.94337683349406,9.101696398814386,0.755095017986774,2.737769554724796,0.0014888613180310303,0.9237071761632941,0.03368659232000958,1.1941821521187608,0.7270379057686565,0.6252726052311695,0.6158140065911224
2026-01-07,199.24815663478216,9.193190440960436,0.7637062637400625,2.7575538879184194,0.0014374228887187605,1.0264447298343111,0.03368659232000958,1.1842088928514365,0.7557100461020098,0.6300585617883815,0.5847375537151654
2026-01-08,194.08411697974444,8.91318917199789,0.7260467561932641,2.671643198781469,0.0012905612040335522,1.011442552906652,0.03368659232000958,1.125892694990095,0.7227275737323872,0.5968819750114382,0.5302691866558942
